"Message",Low,"Opbouwen gestart."
"Message",Low,"Project Unnamed_1 (standaarddoelen):"
"Message",Low,"Er wordt gebouwd met hulpprogrammaversie 4.0."
"Message",Low,"Doel PrintILCStartMessage in bestand C:\Program Files (x86)\MSBuild\Microsoft\.NetNative\x86\ilc\IlcInternals.targets uit project D:\Windows Phone\PackingList\PackaglistAppWindowsUniversal\PackingList\Unnamed_1 (doel Build is hiervan afhankelijk):"
"Message",Low,"De taak IlcMessageTask uit assembly C:\Program Files (x86)\MSBuild\Microsoft\.NetNative\x86\ilc\ilc.exe wordt gebruikt."
"Message",Low,"Taak IlcMessageTask"
"Message",High,"Starting .NET Native compilation"
"Message",Low,"Uitvoeren van taak IlcMessageTask voltooid."
"Message",Low,"Opbouwen van doel PrintILCStartMessage in project Unnamed_1 voltooid."
"Message",Low,"Doel LogAppContextSwitches in bestand C:\Program Files (x86)\MSBuild\Microsoft\.NetNative\x86\ilc\IlcInternals.targets uit project D:\Windows Phone\PackingList\PackaglistAppWindowsUniversal\PackingList\Unnamed_1 (doel SetMainTargetPaths is hiervan afhankelijk):"
"Message",Low,"De taak Message uit assembly Microsoft.Build.Tasks.v4.0, Version=4.0.0.0, Culture=neutral, PublicKeyToken=b03f5f7f11d50a3a wordt gebruikt."
"Message",Low,"Taak Message"
"Message",Normal,"AppContextSwitch: ''"
"Message",Low,"Uitvoeren van taak Message voltooid."
"Message",Low,"Opbouwen van doel LogAppContextSwitches in project Unnamed_1 voltooid."
"Message",Low,"Doel SetMainTargetPaths in bestand C:\Program Files (x86)\MSBuild\Microsoft\.NetNative\x86\ilc\IlcInternals.targets uit project D:\Windows Phone\PackingList\PackaglistAppWindowsUniversal\PackingList\Unnamed_1 (doel CopyNativeExecutablesToOutput is hiervan afhankelijk):"
"Message",Low,"Opbouwen van doel SetMainTargetPaths in project Unnamed_1 voltooid."
"Message",Low,"Doel GenerateFakeExe overgeslagen vanwege onjuiste voorwaarde; (!Exists('@(InputILTarget)')) heeft (!Exists('D:\Windows Phone\PackingList\PackaglistAppWindowsUniversal\PackingList\obj\x86\Release\ilc\in\PackingList.exe')) opgeleverd."
"Message",Low,"Doel InjectCoreLibTypeForwards in bestand C:\Program Files (x86)\MSBuild\Microsoft\.NetNative\x86\ilc\IlcInternals.targets uit project D:\Windows Phone\PackingList\PackaglistAppWindowsUniversal\PackingList\Unnamed_1 (doel RunILTransforms is hiervan afhankelijk):"
"Message",Low,"De taak MakeDir uit assembly Microsoft.Build.Tasks.v4.0, Version=4.0.0.0, Culture=neutral, PublicKeyToken=b03f5f7f11d50a3a wordt gebruikt."
"Message",Low,"Taak MakeDir"
"Message",Normal,"De map D:\Windows Phone\PackingList\PackaglistAppWindowsUniversal\PackingList\obj\x86\Release\ilc\intermediate\TransformedCoreLib\ wordt gemaakt."
"Message",Low,"Uitvoeren van taak MakeDir voltooid."
"Message",Low,"De taak ILTransformTask uit assembly Microsoft.Build.ILTasks wordt gebruikt."
"Message",Low,"Taak ILTransformTask"
"Message",Normal,"Running 'InjectCoreLibTypeForwards' transform, heap at 12 MB."
"Message",Normal,"Running 'InjectCoreLibIReflectableTypeSupport' transform, heap at 42 MB."
"Message",Normal,"Running 'WriteAssemblies' transform, heap at 42 MB."
"Message",Normal,""
"Message",Normal,"Transform summary"
"Message",Normal,"   ms | heap delta | name"
"Message",Normal,"   511 |         19 | WriteAssemblies"
"Message",Normal,"   499 |         30 | InjectCoreLibTypeForwards"
"Message",Normal,"    30 |          0 | InjectCoreLibIReflectableTypeSupport"
"Message",Low,"Uitvoeren van taak ILTransformTask voltooid."
"Message",Low,"Opbouwen van doel InjectCoreLibTypeForwards in project Unnamed_1 voltooid."
"Message",Low,"Doel InjectCoreLibTypeForwards overgeslagen. Vorige opbouw geslaagd."
"Message",Low,"Doel PreResolveTransforms in bestand C:\Program Files (x86)\MSBuild\Microsoft\.NetNative\x86\ilc\IlcInternals.targets uit project D:\Windows Phone\PackingList\PackaglistAppWindowsUniversal\PackingList\Unnamed_1 (doel RunILTransforms is hiervan afhankelijk):"
"Message",Low,"Doel PreResolveTransforms wordt volledig opgebouwd."
"Message",Low,"Uitvoerbestand D:\Windows Phone\PackingList\PackaglistAppWindowsUniversal\PackingList\obj\x86\Release\ilc\intermediate\PreMergeILTransformed\PackingList.exe bestaat niet."
"Message",Low,"Taak MakeDir"
"Message",Normal,"De map D:\Windows Phone\PackingList\PackaglistAppWindowsUniversal\PackingList\obj\x86\Release\ilc\intermediate\PreMergeILTransformed\ wordt gemaakt."
"Message",Low,"Uitvoeren van taak MakeDir voltooid."
"Message",Low,"De taak AssemblyClosureTask uit assembly Microsoft.Build.ILTasks wordt gebruikt."
"Message",Low,"Taak AssemblyClosureTask"
"Message",Low,"Uitvoeren van taak AssemblyClosureTask voltooid."
"Message",Low,"Taak ILTransformTask overgeslagen vanwege onjuiste voorwaarde; ('@(PreResolveTransforms)' != '') heeft ('' != '') opgeleverd."
"Message",Low,"De taak Copy uit assembly Microsoft.Build.Tasks.v4.0, Version=4.0.0.0, Culture=neutral, PublicKeyToken=b03f5f7f11d50a3a wordt gebruikt."
"Message",Low,"Taak Copy"
"Message",Normal,"Bestand wordt gekopieerd van D:\Windows Phone\PackingList\PackaglistAppWindowsUniversal\PackingList\obj\x86\Release\ilc\in\PackingList.pdb naar D:\Windows Phone\PackingList\PackaglistAppWindowsUniversal\PackingList\obj\x86\Release\ilc\intermediate\PreMergeILTransformed\PackingList.pdb."
"Message",Low,"Uitvoeren van taak Copy voltooid."
"Message",Low,"Taak Copy"
"Message",Normal,"Bestand wordt gekopieerd van D:\Windows Phone\PackingList\PackaglistAppWindowsUniversal\PackingList\obj\x86\Release\ilc\in\PackingList.exe naar D:\Windows Phone\PackingList\PackaglistAppWindowsUniversal\PackingList\obj\x86\Release\ilc\intermediate\PreMergeILTransformed\PackingList.exe."
"Message",Low,"Uitvoeren van taak Copy voltooid."
"Message",Low,"Taak Copy overgeslagen vanwege onjuiste voorwaarde; ('$(HasMcgPatchDlls)'=='true') heeft (''=='true') opgeleverd."
"Message",Low,"Opbouwen van doel PreResolveTransforms in project Unnamed_1 voltooid."
"Message",Low,"Doel InitInputResourceName in bestand C:\Program Files (x86)\MSBuild\Microsoft\.NetNative\x86\ilc\IlcInternals.targets uit project D:\Windows Phone\PackingList\PackaglistAppWindowsUniversal\PackingList\Unnamed_1 (doel RunILTransforms is hiervan afhankelijk):"
"Message",Low,"Taak ResolveFilePathTask overgeslagen vanwege onjuiste voorwaarde; ('$(InputPath)' != '' and Exists('$(InputPath)\obj\')) heeft ('D:\Windows Phone\PackingList\PackaglistAppWindowsUniversal\PackingList\obj\x86\Release\ilc\in' != '' and Exists('D:\Windows Phone\PackingList\PackaglistAppWindowsUniversal\PackingList\obj\x86\Release\ilc\in\obj\')) opgeleverd."
"Message",Low,"De taak ResolveFilePathTask uit assembly Microsoft.Build.ILTasks wordt gebruikt."
"Message",Low,"Taak ResolveFilePathTask"
"Message",Low,"Uitvoeren van taak ResolveFilePathTask voltooid."
"Message",Low,"Opbouwen van doel InitInputResourceName in project Unnamed_1 voltooid."
"Message",Low,"Doel PreResolveTransforms overgeslagen. Vorige opbouw geslaagd."
"Message",Low,"Doel SetForSharedInputs overgeslagen vanwege onjuiste voorwaarde; ('$(UseSharedAssemblies)' == 'true') heeft ('false' == 'true') opgeleverd."
"Message",Low,"Doel SetForBuildSharedAssemblies overgeslagen vanwege onjuiste voorwaarde; ('$(BuildSharedAssemblies)' == 'true') heeft ('false' == 'true') opgeleverd."
"Message",Low,"Doel ResolveInitialReferences in bestand C:\Program Files (x86)\MSBuild\Microsoft\.NetNative\x86\ilc\IlcInternals.targets uit project D:\Windows Phone\PackingList\PackaglistAppWindowsUniversal\PackingList\Unnamed_1 (doel RunILTransforms is hiervan afhankelijk):"
"Message",Low,"Taak ResolveFilePathTask"
"Message",Low,"Uitvoeren van taak ResolveFilePathTask voltooid."
"Message",Low,"Taak ResolveFilePathTask"
"Message",Low,"Uitvoeren van taak ResolveFilePathTask voltooid."
"Message",Low,"Taak IlcErrorTask overgeslagen vanwege onjuiste voorwaarde; ('@(UnresolvedManagedDllFilesErrorParameters)'!='') heeft (''!='') opgeleverd."
"Message",Low,"Taak AssemblyClosureTask"
"Message",Low,"Uitvoeren van taak AssemblyClosureTask voltooid."
"Message",Low,"Taak AssemblyClosureTask"
"Message",Low,"Uitvoeren van taak AssemblyClosureTask voltooid."
"Message",Low,"De taak RemoveDuplicates uit assembly Microsoft.Build.Tasks.v4.0, Version=4.0.0.0, Culture=neutral, PublicKeyToken=b03f5f7f11d50a3a wordt gebruikt."
"Message",Low,"Taak RemoveDuplicates"
"Message",Low,"Uitvoeren van taak RemoveDuplicates voltooid."
"Message",Low,"Opbouwen van doel ResolveInitialReferences in project Unnamed_1 voltooid."
"Message",Low,"Doel RunILTransforms in bestand C:\Program Files (x86)\MSBuild\Microsoft\.NetNative\x86\ilc\IlcInternals.targets uit project D:\Windows Phone\PackingList\PackaglistAppWindowsUniversal\PackingList\Unnamed_1 (doel GenerateMDILResponseFileSingleFile is hiervan afhankelijk):"
"Message",Low,"Doel RunILTransforms wordt volledig opgebouwd."
"Message",Low,"Uitvoerbestand D:\Windows Phone\PackingList\PackaglistAppWindowsUniversal\PackingList\obj\x86\Release\ilc\intermediate\ILTransformed\PackingList.ilexe bestaat niet."
"Message",Low,"Taak IlcMessageTask"
"Message",High,"Processing application code"
"Message",Low,"Uitvoeren van taak IlcMessageTask voltooid."
"Message",Low,"De taak ValidateSimpleNamesTask uit assembly C:\Program Files (x86)\MSBuild\Microsoft\.NetNative\x86\ilc\ilc.exe wordt gebruikt."
"Message",Low,"Taak ValidateSimpleNamesTask"
"Message",Low,"Uitvoeren van taak ValidateSimpleNamesTask voltooid."
"Message",Low,"Taak MakeDir"
"Message",Normal,"De map D:\Windows Phone\PackingList\PackaglistAppWindowsUniversal\PackingList\obj\x86\Release\ilc\intermediate\ILTransformed\ wordt gemaakt."
"Message",Low,"Uitvoeren van taak MakeDir voltooid."
"Message",Low,"Taak MakeDir overgeslagen vanwege onjuiste voorwaarde; ('$(BuildSharedAssemblies)' == 'true' And '$(InternalFeatureSwitch_ILTableOfContents)' == 'true') heeft ('false' == 'true' And 'true' == 'true') opgeleverd."
"Message",Low,"Taak MakeDir overgeslagen vanwege onjuiste voorwaarde; ('$(BuildSharedAssemblies)' == 'true' And '$(InternalFeatureSwitch_ILTableOfContents)' == 'true') heeft ('false' == 'true' And 'true' == 'true') opgeleverd."
"Message",Low,"Taak IlcErrorTask overgeslagen vanwege onjuiste voorwaarde; ('$(PlatformTarget)'=='') heeft ('x86'=='') opgeleverd."
"Message",Low,"Taak ResolveFilePathTask"
"Message",Low,"Uitvoeren van taak ResolveFilePathTask voltooid."
"Message",Low,"Taak IlcErrorTask overgeslagen vanwege onjuiste voorwaarde; ('@(UnresolvedMcgSourceContractsReferencesErrorParameters)'!='') heeft (''!='') opgeleverd."
"Message",Low,"Taak ResolveFilePathTask"
"Message",Low,"Uitvoeren van taak ResolveFilePathTask voltooid."
"Message",Low,"Taak IlcErrorTask overgeslagen vanwege onjuiste voorwaarde; ('@(UnresolvedMcgSourceFacadeErrorParameters)'!='') heeft (''!='') opgeleverd."
"Message",Low,"Taak ResolveFilePathTask"
"Message",Low,"Uitvoeren van taak ResolveFilePathTask voltooid."
"Message",Low,"Taak ResolveFilePathTask"
"Message",Low,"Uitvoeren van taak ResolveFilePathTask voltooid."
"Message",Low,"Taak IlcErrorTask overgeslagen vanwege onjuiste voorwaarde; ('@(UnresolvedManagedDllFilesErrorParameters)'!='') heeft (''!='') opgeleverd."
"Message",Low,"Taak AssemblyClosureTask"
"Message",Low,"Uitvoeren van taak AssemblyClosureTask voltooid."
"Message",Low,"Taak ResolveFilePathTask"
"Message",Low,"Uitvoeren van taak ResolveFilePathTask voltooid."
"Message",Low,"Taak IlcErrorTask overgeslagen vanwege onjuiste voorwaarde; ('@(UnresolvedCoreAssemblyErrorParameters)'!='') heeft (''!='') opgeleverd."
"Message",Low,"Taak RemoveDuplicates"
"Message",Low,"Uitvoeren van taak RemoveDuplicates voltooid."
"Message",Low,"Taak AddToNativePackageTask overgeslagen vanwege onjuiste voorwaarde; ('@(NeedsClrCompression)' != '' and '$(BuildSharedAssemblies)' != 'true') heeft ('' != '' and 'false' != 'true') opgeleverd."
"Message",Low,"Taak MakeDir"
"Message",Normal,"De map D:\Windows Phone\PackingList\PackaglistAppWindowsUniversal\PackingList\obj\x86\Release\ilc\intermediate\SgGenerated wordt gemaakt."
"Message",Low,"Uitvoeren van taak MakeDir voltooid."
"Message",Low,"De taak WriteLinesToFile uit assembly Microsoft.Build.Tasks.v4.0, Version=4.0.0.0, Culture=neutral, PublicKeyToken=b03f5f7f11d50a3a wordt gebruikt."
"Message",Low,"Taak WriteLinesToFile"
"Message",Low,"Uitvoeren van taak WriteLinesToFile voltooid."
"Message",Low,"Taak MakeDir"
"Message",Normal,"De map D:\Windows Phone\PackingList\PackaglistAppWindowsUniversal\PackingList\obj\x86\Release\ilc\intermediate\ResW\ wordt gemaakt."
"Message",Low,"Uitvoeren van taak MakeDir voltooid."
"Message",Low,"Taak IlcWarningTask overgeslagen vanwege onjuiste voorwaarde; ('$(BuildSharedAssemblies)' != 'true' and '@(ReducerInputFiles)' == '') heeft ('false' != 'true' and 'D:\Windows Phone\PackingList\PackaglistAppWindowsUniversal\PackingList\obj\x86\Release\ilc\in\Properties\Default.rd.xml' == '') opgeleverd."
"Message",Low,"Taak ILTransformTask"
"Message",Normal,"Running 'Analysis' transform, heap at 10 MB."
"Message",Low,"Loading 75 modules..."
"Message",Normal,"Imported reflection directives from 8 files:"
"Message",Normal,"D:\Windows Phone\PackingList\PackaglistAppWindowsUniversal\PackingList\obj\x86\Release\ilc\in\Properties\Default.rd.xml"
"Message",Normal,"Embedded manifest in System.Diagnostics.Tracing: Resources.System.Diagnostics.Tracing.rd.xml"
"Message",Normal,"Embedded manifest in System.Private.CoreLib: Resources.System.Private.CoreLib.rd.xml"
"Message",Normal,"Embedded manifest in System.Private.Uri: Resources.System.Private.Uri.rd.xml"
"Message",Normal,"Embedded manifest in System.Private.Reflection: Resources.System.Private.Reflection.rd.xml"
"Message",Normal,"Embedded manifest in System.Private.Reflection.Core: Resources.System.Private.Reflection.Core.rd.xml"
"Message",Normal,"Embedded manifest in System.Private.Interop: Resources.System.Private.Interop.rd.xml"
"Message",Normal,"Microsoft.ApplicationInsights"
"Message",Normal,"Imported XAML Roots from 1 files:"
"Message",Normal,"D:\Windows Phone\PackingList\PackaglistAppWindowsUniversal\PackingList\obj\x86\Release\ilc\in\PackingList.xr.xml"
"Message",Normal,"Running 'Mcg' transform, heap at 154 MB."
"Message",High,"Computing application closure and generating interop code"
"Message",Normal,"  List of .lib files:"
"Message",Normal,"      WindowsApp.lib"
"Message",Normal,"  List of .lib search paths:"
"Message",Normal,"      C:\Program Files (x86)\Windows Kits\10\lib\10.0.10240.0\um\x86"
"Message",Normal,"  Loading exports from libs..."
"Message",Normal,"      2365 exports read from 'C:\Program Files (x86)\Windows Kits\10\lib\10.0.10240.0\um\x86\WindowsApp.lib'."
"Message",Normal,"  Loading 75 modules..."
"Message",Normal,"  Generating code..."
"Message",Normal,"      Resolving P/invokes..."
"Message",Normal,"          P/Invoke 'RhWaitForPendingFinalizers' could not be resolved but ExactSpelling specified , defaulting to [MRT]!RhWaitForPendingFinalizers"
"Message",Normal,"          P/Invoke 'RhCompatibleReentrantWaitAny' could not be resolved but ExactSpelling specified , defaulting to [MRT]!RhCompatibleReentrantWaitAny"
"Message",Normal,"          P/Invoke '_ecvt_s' could not be resolved but ExactSpelling specified , defaulting to [MRT]!_ecvt_s"
"Message",Normal,"          P/Invoke 'memmove' could not be resolved but ExactSpelling specified , defaulting to [MRT]!memmove"
"Message",Normal,"          P/Invoke 'GetLastError' resolved to api-ms-win-core-errorhandling-l1-1-1.dll!GetLastError"
"Message",Normal,"          P/Invoke 'SetLastError' resolved to api-ms-win-core-errorhandling-l1-1-1.dll!SetLastError"
"Message",Normal,"          P/Invoke 'GetLastError' resolved to api-ms-win-core-errorhandling-l1-1-1.dll!GetLastError"
"Message",Normal,"          P/Invoke 'NormalizeString' resolved to api-ms-win-core-normalization-l1-1-0.dll!NormalizeString"
"Message",Normal,"          P/Invoke 'RoInitialize' resolved to api-ms-win-core-winrt-l1-1-0.dll!RoInitialize"
"Message",Normal,"          P/Invoke 'GetCurrentThreadId' resolved to api-ms-win-core-processthreads-l1-1-2.dll!GetCurrentThreadId"
"Message",Normal,"          P/Invoke 'GetCurrentProcessId' resolved to api-ms-win-core-processthreads-l1-1-2.dll!GetCurrentProcessId"
"Message",Normal,"          P/Invoke 'EventWriteTransfer' resolved to api-ms-win-eventing-provider-l1-1-0.dll!EventWriteTransfer"
"Message",Normal,"          P/Invoke 'EventSetInformation' resolved to api-ms-win-eventing-provider-l1-1-0.dll!EventSetInformation"
"Message",Normal,"          P/Invoke 'EventRegister' resolved to api-ms-win-eventing-provider-l1-1-0.dll!EventRegister"
"Message",Normal,"          P/Invoke 'EventUnregister' resolved to api-ms-win-eventing-provider-l1-1-0.dll!EventUnregister"
"Message",Normal,"          P/Invoke 'IsValidLocaleName' resolved to api-ms-win-core-localization-l1-2-1.dll!IsValidLocaleName"
"Message",Normal,"          P/Invoke 'ResolveLocaleName' resolved to api-ms-win-core-localization-l1-2-1.dll!ResolveLocaleName"
"Message",Normal,"          P/Invoke 'FormatMessage' resolved to api-ms-win-core-localization-l1-2-1.dll!FormatMessageA"
"Message",Normal,"          P/Invoke 'GetCPInfoExW' resolved to api-ms-win-core-localization-l1-2-1.dll!GetCPInfoExW"
"Message",Normal,"          P/Invoke 'IdnToAscii' resolved to api-ms-win-core-localization-l1-2-1.dll!IdnToAscii"
"Message",Normal,"          P/Invoke 'IdnToUnicode' resolved to api-ms-win-core-localization-l1-2-1.dll!IdnToUnicode"
"Message",Normal,"          P/Invoke 'FindNLSStringEx' resolved to api-ms-win-core-localization-l1-2-1.dll!FindNLSStringEx"
"Message",Normal,"          P/Invoke 'FormatMessageW' resolved to api-ms-win-core-localization-l1-2-1.dll!FormatMessageW"
"Message",Normal,"          P/Invoke 'GetCommandLineW' resolved to api-ms-win-core-processenvironment-l1-2-0.dll!GetCommandLineW"
"Message",Normal,"          P/Invoke 'RaiseFailFastException' resolved to api-ms-win-core-errorhandling-l1-1-3.dll!RaiseFailFastException"
"Message",Normal,"          P/Invoke 'QueryPerformanceFrequency' resolved to api-ms-win-core-profile-l1-1-0.dll!QueryPerformanceFrequency"
"Message",Normal,"          P/Invoke 'QueryPerformanceCounter' resolved to api-ms-win-core-profile-l1-1-0.dll!QueryPerformanceCounter"
"Message",Normal,"          P/Invoke 'CallingConventionConverter_GetStubs' could not be resolved but ExactSpelling specified , defaulting to *!CallingConventionConverter_GetStubs"
"Message",Normal,"          P/Invoke 'ConstrainedCallSupport_GetStubs' could not be resolved but ExactSpelling specified , defaulting to *!ConstrainedCallSupport_GetStubs"
"Message",Normal,"          P/Invoke 'GetNativeSystemInfo' resolved to api-ms-win-core-sysinfo-l1-2-1.dll!GetNativeSystemInfo"
"Message",Normal,"          P/Invoke 'VirtualQuery' resolved to api-ms-win-core-memory-l1-1-2.dll!VirtualQuery"
"Message",Normal,"          P/Invoke 'CompareStringEx' resolved to api-ms-win-core-string-l1-1-0.dll!CompareStringEx"
"Message",Normal,"          P/Invoke 'CompareStringOrdinal' resolved to api-ms-win-core-string-l1-1-0.dll!CompareStringOrdinal"
"Message",Normal,"          P/Invoke 'FindStringOrdinal' resolved to api-ms-win-core-libraryloader-l1-2-0.dll!FindStringOrdinal"
"Message",Normal,"          P/Invoke 'deflateInit2_' resolved to clrcompression.dll!deflateInit2_"
"Message",Normal,"          P/Invoke 'deflateEnd' resolved to clrcompression.dll!deflateEnd"
"Message",Normal,"          P/Invoke 'inflateEnd' resolved to clrcompression.dll!inflateEnd"
"Message",Normal,"          P/Invoke 'deflate' resolved to clrcompression.dll!deflate"
"Message",Normal,"          P/Invoke 'CoCreateInstance' could not be resolved but ExactSpelling specified , defaulting to api-ms-win-core-com-l1-1-0.dll!CoCreateInstance"
"Message",Normal,"          P/Invoke 'QueryUnbiasedInterruptTime' resolved to api-ms-win-core-realtime-l1-1-0.dll!QueryUnbiasedInterruptTime"
"Message",Normal,"          P/Invoke 'SysFreeString' resolved to oleaut32.dll!#6"
"Message",Normal,"          P/Invoke 'GetLongPathNameW' resolved to api-ms-win-core-file-l1-2-1.dll!GetLongPathNameW"
"Message",Normal,"          P/Invoke 'GetLongPathNameW' resolved to api-ms-win-core-file-l1-2-1.dll!GetLongPathNameW"
"Message",Normal,"          P/Invoke 'GetFullPathNameW' resolved to api-ms-win-core-file-l1-2-1.dll!GetFullPathNameW"
"Message",Normal,"          P/Invoke 'GetFullPathNameW' resolved to api-ms-win-core-file-l1-2-1.dll!GetFullPathNameW"
"Message",Normal,"          P/Invoke 'RoGetBufferMarshaler' resolved to api-ms-win-core-winrt-robuffer-l1-1-0.dll!RoGetBufferMarshaler"
"Message",Normal,"  Interop code generated."
"Message",Normal,"  Written code to AssemblyInfo.g.cs"
"Message",Normal,"  Written code to Adapters.g.cs"
"Message",Normal,"  Written code to Data.g.cs"
"Message",Normal,"  Written code to Helpers.g.cs"
"Message",Normal,"  Written code to ImplTypes.g.cs"
"Message",Normal,"  Written code to PInvoke.g.cs"
"Message",Normal,"  Written code to SafeTypes.g.cs"
"Message",Normal,"  Written code to SharedStubs.g.cs"
"Message",Normal,"  Written code to PackingList.ITFProxy.g.cs"
"Message",Normal,"Running 'CompileMcgSourceAndSerializationAssemblyGenerator' transform, heap at 195 MB."
"Message",High,"Generating serialization code"
"Message",High,"Compiling interop code"
"Message",Low,"Compiling MCG output with arguments:  /debug:""pdbonly"" /nowarn:""0436;0618;1668;1685;1701;1702"" /debug+ /nostdlib+ /optimize+ /out:""D:\Windows Phone\PackingList\PackaglistAppWindowsUniversal\PackingList\obj\x86\Release\ilc\intermediate\PackingList.Interop.dll"" /pdb:""D:\Windows Phone\PackingList\PackaglistAppWindowsUniversal\PackingList\obj\x86\Release\ilc\intermediate\PackingList.Interop.pdb"" /platform:""x86"" /warnaserror+ /unsafe /noconfig /nologo /target:library /define:""MCG_PRE_BUILD"" /r:""C:\Program Files (x86)\MSBuild\Microsoft\.NetNative\x86\ilc\lib\Private\System.Private.Corelib.dll"" /r:""C:\Program Files (x86)\MSBuild\Microsoft\.NetNative\x86\ilc\lib\Private\System.Private.Corelib.InteropServices.dll"" /r:""C:\Program Files (x86)\MSBuild\Microsoft\.NetNative\x86\ilc\lib\Private\System.Private.Interop.dll"" /r:""D:\Windows Phone\PackingList\PackaglistAppWindowsUniversal\PackingList\obj\x86\Release\ilc\in\System.Private.Uri.dll"" /r:""C:\Program Files (x86)\MSBuild\Microsoft\.NetNative\x86\ilc\lib\Private\System.Private.CompilerServices.ICastable.dll"" /r:""C:\Program Files (x86)\MSBuild\Microsoft\.NetNative\x86\ilc\lib\Private\System.Private.Reflection.dll"" /r:""C:\Program Files (x86)\MSBuild\Microsoft\.NetNative\x86\ilc\lib\Private\System.Private.DispatchProxy.dll"" /r:""D:\Windows Phone\PackingList\PackaglistAppWindowsUniversal\PackingList\obj\x86\Release\ilc\in\System.Reflection.DispatchProxy.dll"" /r:""D:\Windows Phone\PackingList\PackaglistAppWindowsUniversal\PackingList\obj\x86\Release\ilc\in\System.Reflection.dll"" /r:""D:\Windows Phone\PackingList\PackaglistAppWindowsUniversal\PackingList\obj\x86\Release\ilc\in\System.Runtime.dll"" /r:""D:\Windows Phone\PackingList\PackaglistAppWindowsUniversal\PackingList\obj\x86\Release\ilc\in\System.Runtime.InteropServices.dll"" /r:""D:\Windows Phone\PackingList\PackaglistAppWindowsUniversal\PackingList\obj\x86\Release\ilc\in\System.Runtime.InteropServices.WindowsRuntime.dll"" /r:""D:\Windows Phone\PackingList\PackaglistAppWindowsUniversal\PackingList\obj\x86\Release\ilc\in\System.Numerics.Vectors.dll"" /r:""D:\Windows Phone\PackingList\PackaglistAppWindowsUniversal\PackingList\obj\x86\Release\ilc\in\System.Threading.dll"" /r:""D:\Windows Phone\PackingList\PackaglistAppWindowsUniversal\PackingList\obj\x86\Release\ilc\in\System.Diagnostics.Debug.dll"" /r:""D:\Windows Phone\PackingList\PackaglistAppWindowsUniversal\PackingList\obj\x86\Release\ilc\in\System.Runtime.Handles.dll"" /r:""D:\Windows Phone\PackingList\PackaglistAppWindowsUniversal\PackingList\obj\x86\Release\ilc\in\System.Dynamic.Runtime.dll"" /r:""C:\Program Files (x86)\MSBuild\Microsoft\.NetNative\x86\ilc\lib\Private\System.Private.CoreLib.Augments.dll"" /r:""D:\Windows Phone\PackingList\PackaglistAppWindowsUniversal\PackingList\obj\x86\Release\ilc\in\System.Runtime.Extensions.dll"" /r:""D:\Windows Phone\PackingList\PackaglistAppWindowsUniversal\PackingList\obj\x86\Release\ilc\in\System.Collections.dll"" /r:""D:\Windows Phone\PackingList\PackaglistAppWindowsUniversal\PackingList\obj\x86\Release\ilc\in\System.ObjectModel.dll"" /r:""D:\Windows Phone\PackingList\PackaglistAppWindowsUniversal\PackingList\obj\x86\Release\ilc\in\System.Runtime.WindowsRuntime.dll"" /r:""D:\Windows Phone\PackingList\PackaglistAppWindowsUniversal\PackingList\obj\x86\Release\ilc\in\System.Runtime.WindowsRuntime.UI.Xaml.dll"" ""D:\Windows Phone\PackingList\PackaglistAppWindowsUniversal\PackingList\obj\x86\Release\ilc\intermediate\PackingList.ITFProxy.g.cs"" ""D:\Windows Phone\PackingList\PackaglistAppWindowsUniversal\PackingList\obj\x86\Release\ilc\intermediate\PackingList.Interop\Adapters.g.cs"" ""D:\Windows Phone\PackingList\PackaglistAppWindowsUniversal\PackingList\obj\x86\Release\ilc\intermediate\PackingList.Interop\AssemblyInfo.g.cs"" ""D:\Windows Phone\PackingList\PackaglistAppWindowsUniversal\PackingList\obj\x86\Release\ilc\intermediate\PackingList.Interop\Data.g.cs"" ""D:\Windows Phone\PackingList\PackaglistAppWindowsUniversal\PackingList\obj\x86\Release\ilc\intermediate\PackingList.Interop\Helpers.g.cs"" ""D:\Windows Phone\PackingList\PackaglistAppWindowsUniversal\PackingList\obj\x86\Release\ilc\intermediate\PackingList.Interop\ImplTypes.g.cs"" ""D:\Windows Phone\PackingList\PackaglistAppWindowsUniversal\PackingList\obj\x86\Release\ilc\intermediate\PackingList.Interop\PInvoke.g.cs"" ""D:\Windows Phone\PackingList\PackaglistAppWindowsUniversal\PackingList\obj\x86\Release\ilc\intermediate\PackingList.Interop\SafeTypes.g.cs"" ""D:\Windows Phone\PackingList\PackaglistAppWindowsUniversal\PackingList\obj\x86\Release\ilc\intermediate\PackingList.Interop\SharedStubs.g.cs"""
"Message",Normal,"Running 'DumpNativeResources' transform, heap at 195 MB."
"Message",Normal,"Running 'ReducedCopyInitialize' transform, heap at 195 MB."
"Message",Normal,"Running 'ReducedCopyEmptyTypes' transform, heap at 219 MB."
"Message",Normal,"Running 'ReducedCopyPopulateTypes' transform, heap at 244 MB."
"Message",Normal,"Running 'ReducedCopyLateMetadata' transform, heap at 150 MB."
"Message",Normal,"Running 'ReducedCopyMethodBodies' transform, heap at 178 MB."
"Message",Normal,"Running 'ReducedCopyComplete' transform, heap at 193 MB."
"Message",Normal,"Running 'ReducedCopyCleanup' transform, heap at 206 MB."
"Message",Normal,"Running 'DeveloperExperienceModeOnlyCodeRemover' transform, heap at 206 MB."
"Message",Normal,"Running 'ComImportDetector' transform, heap at 207 MB."
"Message",Normal,"Running 'McgAccessor' transform, heap at 207 MB."
"Message",Normal,"Running 'McgRedirect' transform, heap at 208 MB."
"Message",Normal,"Running 'McgRedirect' transform, heap at 211 MB."
"Message",Normal,"Running 'McgTypeOf' transform, heap at 212 MB."
"Message",Normal,"Running 'ExceptionMiniaturizer' transform, heap at 220 MB."
"Message",Normal,"Running 'EventSource' transform, heap at 230 MB."
"Message",Normal,"Running 'ValueType' transform, heap at 231 MB."
"Message",Normal,"Running 'Attribute' transform, heap at 232 MB."
"Message",Normal,"Running 'GetType' transform, heap at 233 MB."
"Message",Normal,"Running 'McgFixups' transform, heap at 235 MB."
"Message",Normal,"Running 'ResourceManagerCtor' transform, heap at 237 MB."
"Message",Normal,"Running 'TypeofTypeHandle' transform, heap at 237 MB."
"Message",Normal,"Running 'DispatchProxyIntrinsics' transform, heap at 245 MB."
"Message",Normal,"Running 'StaticInitData' transform, heap at 245 MB."
"Message",Normal,"Running 'StartupCodeInjector' transform, heap at 264 MB."
"Message",Normal,"Running 'InjectAppContextSwitches' transform, heap at 264 MB."
"Message",Normal,"Running 'ImplementLibraryDynamicInvokeHelpers' transform, heap at 264 MB."
"Message",Normal,"Running 'Delegate' transform, heap at 264 MB."
"Message",Normal,"Running 'DelegateCtorCall' transform, heap at 279 MB."
"Message",Normal,"Running 'LazyGenerics' transform, heap at 280 MB."
"Message",Normal,"Running 'AddReflectionBlockedAttributes' transform, heap at 220 MB."
"Message",Normal,"Running 'DisableOptimization' transform, heap at 220 MB."
"Message",Normal,"Running 'CreateMetadata' transform, heap at 220 MB."
"Message",Normal,"Running 'SynchronizedMethod' transform, heap at 245 MB."
"Message",Normal,"Running 'ReflectionInvoke' transform, heap at 245 MB."
"Message",Normal,"Running 'ScrubOpenCalls' transform, heap at 246 MB."
"Message",Normal,"Running 'Calli' transform, heap at 247 MB."
"Message",Normal,"Running 'ConvertCatchIntoFilter' transform, heap at 256 MB."
"Message",Normal,"Running 'ReflectionMappingInfoEmit' transform, heap at 257 MB."
"Message",Normal,"Running 'ConvertManagedWinMD' transform, heap at 258 MB."
"Message",Normal,"Running 'Reducer' transform, heap at 258 MB."
"Message",High,"Cleaning up unreferenced code"
"Message",Normal,"Running 'WriteAssemblies' transform, heap at 268 MB."
"Message",Normal,""
"Message",Normal,"Transform summary"
"Message",Normal,"   ms | heap delta | name"
"Message",Normal,"  8325 |        144 | Analysis"
"Message",Normal,"  3628 |          0 | CompileMcgSourceAndSerializationAssemblyGenerator"
"Message",Normal,"  2262 |        100 | WriteAssemblies"
"Message",Normal,"  1803 |         10 | Reducer"
"Message",Normal,"  1314 |         41 | Mcg"
"Message",Normal,"   968 |        -94 | ReducedCopyPopulateTypes"
"Message",Normal,"   702 |        -60 | LazyGenerics"
"Message",Normal,"   602 |         15 | ReducedCopyMethodBodies"
"Message",Normal,"   430 |         25 | ReducedCopyEmptyTypes"
"Message",Normal,"   390 |         25 | CreateMetadata"
"Message",Normal,"   246 |         10 | ExceptionMiniaturizer"
"Message",Normal,"   220 |         28 | ReducedCopyLateMetadata"
"Message",Normal,"   200 |         13 | ReducedCopyComplete"
"Message",Normal,"   188 |         19 | StaticInitData"
"Message",Normal,"   177 |         24 | ReducedCopyInitialize"
"Message",Normal,"   147 |          8 | TypeofTypeHandle"
"Message",Normal,"   134 |          8 | McgTypeOf"
"Message",Normal,"   133 |          3 | McgRedirect"
"Message",Normal,"   114 |          9 | Calli"
"Message",Normal,"    97 |          1 | McgRedirect"
"Message",Normal,"    70 |          1 | DelegateCtorCall"
"Message",Normal,"    67 |         15 | Delegate"
"Message",Normal,"    46 |          2 | McgFixups"
"Message",Normal,"    34 |          2 | GetType"
"Message",Normal,"    32 |          0 | DispatchProxyIntrinsics"
"Message",Normal,"    27 |          0 | SynchronizedMethod"
"Message",Normal,"    17 |          1 | ScrubOpenCalls"
"Message",Normal,"    14 |          1 | EventSource"
"Message",Normal,"    12 |          0 | DumpNativeResources"
"Message",Normal,"    12 |          1 | McgAccessor"
"Message",Normal,"    11 |          0 | StartupCodeInjector"
"Message",Normal,"    11 |          1 | ValueType"
"Message",Normal,"     8 |          1 | ConvertCatchIntoFilter"
"Message",Normal,"     7 |          1 | Attribute"
"Message",Normal,"     5 |          1 | ReflectionInvoke"
"Message",Normal,"     5 |          1 | ReflectionMappingInfoEmit"
"Message",Normal,"     3 |          1 | DeveloperExperienceModeOnlyCodeRemover"
"Message",Normal,"     2 |          0 | AddReflectionBlockedAttributes"
"Message",Normal,"     1 |          0 | ResourceManagerCtor"
"Message",Normal,"     0 |          0 | ConvertManagedWinMD"
"Message",Normal,"     0 |          0 | ReducedCopyCleanup"
"Message",Normal,"     0 |          0 | InjectAppContextSwitches"
"Message",Normal,"     0 |          0 | ComImportDetector"
"Message",Normal,"     0 |          0 | DisableOptimization"
"Message",Normal,"     0 |          0 | ImplementLibraryDynamicInvokeHelpers"
"Message",Low,"Uitvoeren van taak ILTransformTask voltooid."
"Message",Low,"Taak WriteLinesToFile overgeslagen vanwege onjuiste voorwaarde; ('$(BuildSharedAssemblies)' == 'true') heeft ('false' == 'true') opgeleverd."
"Message",Low,"Opbouwen van doel RunILTransforms in project Unnamed_1 voltooid."
"Message",Low,"Doel CheckSharedAssemblyClosure overgeslagen vanwege onjuiste voorwaarde; ('$(BuildSharedAssemblies)' == 'true') heeft ('false' == 'true') opgeleverd."
"Message",Low,"Doel MergePgoCounts overgeslagen vanwege onjuiste voorwaarde; ('$(Pgu)'=='true' and '$(MultiPhasePgd)'!='true') heeft ('false'=='true' and 'false'!='true') opgeleverd."
"Message",Low,"Doel GenerateMDILResponseFileSingleFile in bestand C:\Program Files (x86)\MSBuild\Microsoft\.NetNative\x86\ilc\IlcInternals.targets uit project D:\Windows Phone\PackingList\PackaglistAppWindowsUniversal\PackingList\Unnamed_1 (doel GenerateMDILSingleFile is hiervan afhankelijk):"
"Message",Low,"Doel GenerateMDILResponseFileSingleFile wordt volledig opgebouwd."
"Message",Low,"Uitvoerbestand D:\Windows Phone\PackingList\PackaglistAppWindowsUniversal\PackingList\obj\x86\Release\ilc\intermediate\nutcargs.rsp bestaat niet."
"Message",Low,"Taak IlcMessageTask"
"Message",High,"Generating native code"
"Message",Low,"Uitvoeren van taak IlcMessageTask voltooid."
"Message",Low,"Taak MakeDir"
"Message",Normal,"De map D:\Windows Phone\PackingList\PackaglistAppWindowsUniversal\PackingList\obj\x86\Release\ilc\intermediate\MDIL\ wordt gemaakt."
"Message",Low,"Uitvoeren van taak MakeDir voltooid."
"Message",Low,"Taak WriteLinesToFile"
"Message",Low,"Uitvoeren van taak WriteLinesToFile voltooid."
"Message",Low,"Opbouwen van doel GenerateMDILResponseFileSingleFile in project Unnamed_1 voltooid."
"Message",Low,"Doel GenerateMDILSingleFile in bestand C:\Program Files (x86)\MSBuild\Microsoft\.NetNative\x86\ilc\IlcInternals.targets uit project D:\Windows Phone\PackingList\PackaglistAppWindowsUniversal\PackingList\Unnamed_1 (doel GenerateMDIL is hiervan afhankelijk):"
"Message",Low,"Doel GenerateMDILSingleFile wordt volledig opgebouwd."
"Message",Low,"Uitvoerbestand D:\Windows Phone\PackingList\PackaglistAppWindowsUniversal\PackingList\obj\x86\Release\ilc\intermediate\MDIL\PackingList.mdilexe bestaat niet."
"Message",Low,"De taak StartProcessTask uit assembly Microsoft.Build.ILTasks wordt gebruikt."
"Message",Low,"Taak StartProcessTask"
"Message",Normal,"Launching 'C:\Program Files (x86)\MSBuild\Microsoft\.NetNative\x86\ilc\Tools\nutc_driver.exe @""D:\Windows Phone\PackingList\PackaglistAppWindowsUniversal\PackingList\obj\x86\Release\ilc\intermediate\nutcargs.rsp""'"
"Message",Low,"Microsoft (R) MDIL Compiler - Version 1.0.23309.00"
"Message",Low,"Copyright (c) Microsoft Corporation.  All rights reserved."
"Message",Low,"Scanning input types"
"Message",Low,"Scanning 4866 methods."
"Message",Low,"Scanning 3171 methods."
"Message",Low,"Scanning 2147 methods."
"Message",Low,"Scanning 1654 methods."
"Message",Low,"Scanning 3940 methods."
"Message",Low,"Scanning 3228 methods."
"Message",Low,"Scanning 2570 methods."
"Message",Low,"Scanning 1871 methods."
"Message",Low,"Scanning 1245 methods."
"Message",Low,"Scanning 1091 methods."
"Message",Low,"Scanning 764 methods."
"Message",Low,"Scanning 492 methods."
"Message",Low,"Scanning 265 methods."
"Message",Low,"Scanning 165 methods."
"Message",Low,"Scanning 120 methods."
"Message",Low,"Scanning 152 methods."
"Message",Low,"Scanning 133 methods."
"Message",Low,"Scanning 123 methods."
"Message",Low,"Scanning 83 methods."
"Message",Low,"Scanning 35 methods."
"Message",Low,"Scanning 18 methods."
"Message",Low,"Scanning 9 methods."
"Message",Low,"Scanning 6 methods."
"Message",Low,"Scanning 6 methods."
"Message",Low,"Scanning 8 methods."
"Message",Low,"Scanning 2 methods."
"Message",Low,"Eager code generation"
"Message",Low,"Compiling 28164 methods."
"Message",Low,"Deferred code generation"
"Message",Low,"Successfully generated 'D:\Windows Phone\PackingList\PackaglistAppWindowsUniversal\PackingList\obj\x86\Release\ilc\intermediate\MDIL\PackingList.mdilexe'"
"Message",Low,"Successfully generated 'D:\Windows Phone\PackingList\PackaglistAppWindowsUniversal\PackingList\obj\x86\Release\ilc\intermediate\MDIL\PackingList.mdilpdb'"
"Message",Normal,"'C:\Program Files (x86)\MSBuild\Microsoft\.NetNative\x86\ilc\Tools\nutc_driver.exe @""D:\Windows Phone\PackingList\PackaglistAppWindowsUniversal\PackingList\obj\x86\Release\ilc\intermediate\nutcargs.rsp""' completed."
"Message",Normal,"Process execution statistics (all times in milliseconds)"
"Message",Normal,"-----------------------------------------------------------------------------"
"Message",Normal,"launch  |  start   |   stop   |   end    | duration | lifetime | [slot] name"
"Message",Normal,"-----------------------------------------------------------------------------"
"Message",Normal,"       0 |        0 |    33000 |    33000 |    33000 |    33000 | [0] Nutc SingleFile"
"Message",Normal,"Number of commands:      1"
"Message",Normal,"Total system time:       33000 ms"
"Message",Normal,"System time per command: 33000 ms"
"Message",Normal,"Total duration:          33000 ms"
"Message",Normal,"Total lifetime:          33000 ms"
"Message",Normal,"Requested DOP:           4"
"Message",Normal,"Duration DOP:            1,0"
"Message",Normal,"Lifetime DOP:            1,0"
"Message",Low,"Uitvoeren van taak StartProcessTask voltooid."
"Message",Low,"Opbouwen van doel GenerateMDILSingleFile in project Unnamed_1 voltooid."
"Message",Low,"Doel GenerateMDIL in bestand C:\Program Files (x86)\MSBuild\Microsoft\.NetNative\x86\ilc\IlcInternals.targets uit project D:\Windows Phone\PackingList\PackaglistAppWindowsUniversal\PackingList\Unnamed_1 (doel MDILBindPrepare is hiervan afhankelijk):"
"Message",Normal,"Doel GenerateMDIL wordt overgeslagen omdat alle uitvoerbestanden actueel zijn ten opzichte van de invoerbestanden."
"Message",Low,"Invoerbestanden: D:\Windows Phone\PackingList\PackaglistAppWindowsUniversal\PackingList\obj\x86\Release\ilc\intermediate\nutcargs.rsp"
"Message",Low,"Uitvoerbestanden: D:\Windows Phone\PackingList\PackaglistAppWindowsUniversal\PackingList\obj\x86\Release\ilc\intermediate\MDIL\PackingList.mdilexe;D:\Windows Phone\PackingList\PackaglistAppWindowsUniversal\PackingList\obj\x86\Release\ilc\intermediate\MDIL\PackingList.mdilpdb"
"Message",Low,"Opbouwen van doel GenerateMDIL in project Unnamed_1 voltooid."
"Message",Low,"Doel GenerateBuildInfo in bestand C:\Program Files (x86)\MSBuild\Microsoft\.NetNative\x86\ilc\IlcInternals.targets uit project D:\Windows Phone\PackingList\PackaglistAppWindowsUniversal\PackingList\Unnamed_1 (doel MDILBindPrepare is hiervan afhankelijk):"
"Message",Low,"Doel GenerateBuildInfo wordt volledig opgebouwd."
"Message",Low,"Uitvoerbestand D:\Windows Phone\PackingList\PackaglistAppWindowsUniversal\PackingList\obj\x86\Release\ilc\intermediate\Native.res bestaat niet."
"Message",Low,"Taak StartProcessTask"
"Message",Normal,"Launching 'C:\Program Files (x86)\Windows Kits\10\bin\x86\rc.exe /c 65001 /r /fo ""D:\Windows Phone\PackingList\PackaglistAppWindowsUniversal\PackingList\obj\x86\Release\ilc\intermediate\BuildInfo\BuildInfo.res"" ""D:\Windows Phone\PackingList\PackaglistAppWindowsUniversal\PackingList\obj\x86\Release\ilc\intermediate\BuildInfo\BuildInfo.rc""'"
"Message",Low,"Microsoft (R) Windows (R) Resource Compiler Version 10.0.10011.16384"
"Message",Low,"Copyright (C) Microsoft Corporation.  All rights reserved."
"Message",Normal,"'C:\Program Files (x86)\Windows Kits\10\bin\x86\rc.exe /c 65001 /r /fo ""D:\Windows Phone\PackingList\PackaglistAppWindowsUniversal\PackingList\obj\x86\Release\ilc\intermediate\BuildInfo\BuildInfo.res"" ""D:\Windows Phone\PackingList\PackaglistAppWindowsUniversal\PackingList\obj\x86\Release\ilc\intermediate\BuildInfo\BuildInfo.rc""' completed."
"Message",Normal,"Process execution statistics (all times in milliseconds)"
"Message",Normal,"-----------------------------------------------------------------------------"
"Message",Normal,"launch  |  start   |   stop   |   end    | duration | lifetime | [slot] name"
"Message",Normal,"-----------------------------------------------------------------------------"
"Message",Normal,"       0 |       62 |      156 |      156 |       94 |      156 | [0] RC"
"Message",Normal,"Number of commands:      1"
"Message",Normal,"Total system time:       156 ms"
"Message",Normal,"System time per command: 156 ms"
"Message",Normal,"Total duration:          94 ms"
"Message",Normal,"Total lifetime:          156 ms"
"Message",Normal,"Requested DOP:           4"
"Message",Normal,"Duration DOP:            0,6"
"Message",Normal,"Lifetime DOP:            1,0"
"Message",Low,"Uitvoeren van taak StartProcessTask voltooid."
"Message",Low,"De taak BinaryConcatenateTask uit assembly Microsoft.Build.ILTasks wordt gebruikt."
"Message",Low,"Taak BinaryConcatenateTask"
"Message",Normal,"Concatenating into 'D:\Windows Phone\PackingList\PackaglistAppWindowsUniversal\PackingList\obj\x86\Release\ilc\intermediate\Native.res' with alignment '4'."
"Message",Normal," Added 'D:\Windows Phone\PackingList\PackaglistAppWindowsUniversal\PackingList\obj\x86\Release\ilc\intermediate\ILTransformed\PackingList.res' at offset 0."
"Message",Normal," Added 'D:\Windows Phone\PackingList\PackaglistAppWindowsUniversal\PackingList\obj\x86\Release\ilc\intermediate\BuildInfo\BuildInfo.res' at offset 1400."
"Message",Low,"Uitvoeren van taak BinaryConcatenateTask voltooid."
"Message",Low,"Opbouwen van doel GenerateBuildInfo in project Unnamed_1 voltooid."
"Message",Low,"Doel MDILBindPrepare in bestand C:\Program Files (x86)\MSBuild\Microsoft\.NetNative\x86\ilc\IlcInternals.targets uit project D:\Windows Phone\PackingList\PackaglistAppWindowsUniversal\PackingList\Unnamed_1 (doel MDILBindCreateResponseFiles is hiervan afhankelijk):"
"Message",Low,"Taak MakeDir"
"Message",Normal,"De map D:\Windows Phone\PackingList\PackaglistAppWindowsUniversal\PackingList\obj\x86\Release\ilc\intermediate\Native\ wordt gemaakt."
"Message",Low,"Uitvoeren van taak MakeDir voltooid."
"Message",Low,"Taak StartProcessTask overgeslagen vanwege onjuiste voorwaarde; ('$(Pgi)'=='true') heeft ('false'=='true') opgeleverd."
"Message",Low,"Opbouwen van doel MDILBindPrepare in project Unnamed_1 voltooid."
"Message",Low,"Doel MDILBindCreateResponseFiles in bestand C:\Program Files (x86)\MSBuild\Microsoft\.NetNative\x86\ilc\IlcInternals.targets uit project D:\Windows Phone\PackingList\PackaglistAppWindowsUniversal\PackingList\Unnamed_1 (doel MDILBind is hiervan afhankelijk):"
"Message",Low,"Doel MDILBindCreateResponseFiles wordt volledig opgebouwd."
"Message",Low,"Uitvoerbestand D:\Windows Phone\PackingList\PackaglistAppWindowsUniversal\PackingList\obj\x86\Release\ilc\intermediate\rhbindargs.PackingList.rsp bestaat niet."
"Message",Low,"Taak WriteLinesToFile"
"Message",Low,"Uitvoeren van taak WriteLinesToFile voltooid."
"Message",Low,"Opbouwen van doel MDILBindCreateResponseFiles in project Unnamed_1 voltooid."
"Message",Low,"Doel MDILBind in bestand C:\Program Files (x86)\MSBuild\Microsoft\.NetNative\x86\ilc\IlcInternals.targets uit project D:\Windows Phone\PackingList\PackaglistAppWindowsUniversal\PackingList\Unnamed_1 (doel CopyNativeExecutablesToOutput is hiervan afhankelijk):"
"Message",Low,"Doel MDILBind wordt volledig opgebouwd."
"Message",Low,"Uitvoerbestand D:\Windows Phone\PackingList\PackaglistAppWindowsUniversal\PackingList\obj\x86\Release\ilc\intermediate\Native\PackingList.exe bestaat niet."
"Message",Low,"Taak IlcMessageTask"
"Message",High,"Generating fixups for native code"
"Message",Low,"Uitvoeren van taak IlcMessageTask voltooid."
"Message",Low,"Taak StartProcessTask"
"Message",Normal,"Launching 'C:\Program Files (x86)\MSBuild\Microsoft\.NetNative\x86\ilc\Tools\rhbind.exe @""D:\Windows Phone\PackingList\PackaglistAppWindowsUniversal\PackingList\obj\x86\Release\ilc\intermediate\rhbindargs.PackingList.rsp""'"
"Message",Low,"OS VERSION: major: 6  minor: 2"
"Message",Low,"MDIL: D:\Windows Phone\PackingList\PackaglistAppWindowsUniversal\PackingList\obj\x86\Release\ilc\intermediate\MDIL\PackingList.mdilexe"
"Message",Low,"MDILPDB: D:\Windows Phone\PackingList\PackaglistAppWindowsUniversal\PackingList\obj\x86\Release\ilc\intermediate\MDIL\PackingList.mdilpdb"
"Message",Low,"IL: D:\Windows Phone\PackingList\PackaglistAppWindowsUniversal\PackingList\obj\x86\Release\ilc\intermediate\MDIL\PackingList.ilexe"
"Message",Low,"NI: D:\Windows Phone\PackingList\PackaglistAppWindowsUniversal\PackingList\obj\x86\Release\ilc\intermediate\Native\PackingList.dll"
"Message",Low,"SHIM: D:\Windows Phone\PackingList\PackaglistAppWindowsUniversal\PackingList\obj\x86\Release\ilc\intermediate\Native\PackingList.exe"
"Warning","RHBIND",0,0,"Failed to open D:\Windows Phone\PackingList\PackaglistAppWindowsUniversal\PackingList\obj\x86\Release\ilc\intermediate\MDIL\PackingList.mdilpdb, error 32.Disabling PDB generation"
"Message",Low,"REDHAWK_RUNTIME_DLL_NAME_A=mrt100_app.dll"
"Message",Low,"Produced D:\Windows Phone\PackingList\PackaglistAppWindowsUniversal\PackingList\obj\x86\Release\ilc\intermediate\Native\PackingList.dll in 1.523 seconds"
"Message",Normal,"'C:\Program Files (x86)\MSBuild\Microsoft\.NetNative\x86\ilc\Tools\rhbind.exe @""D:\Windows Phone\PackingList\PackaglistAppWindowsUniversal\PackingList\obj\x86\Release\ilc\intermediate\rhbindargs.PackingList.rsp""' completed."
"Message",Normal,"Process execution statistics (all times in milliseconds)"
"Message",Normal,"-----------------------------------------------------------------------------"
"Message",Normal,"launch  |  start   |   stop   |   end    | duration | lifetime | [slot] name"
"Message",Normal,"-----------------------------------------------------------------------------"
"Message",Normal,"       0 |        0 |     1735 |     1735 |     1735 |     1735 | [0] rhbind PackingList"
"Message",Normal,"Number of commands:      1"
"Message",Normal,"Total system time:       1735 ms"
"Message",Normal,"System time per command: 1735 ms"
"Message",Normal,"Total duration:          1735 ms"
"Message",Normal,"Total lifetime:          1735 ms"
"Message",Normal,"Requested DOP:           4"
"Message",Normal,"Duration DOP:            1,0"
"Message",Normal,"Lifetime DOP:            1,0"
"Message",Low,"Uitvoeren van taak StartProcessTask voltooid."
"Message",Low,"Taak Move overgeslagen vanwege onjuiste voorwaarde; ('$(PdbPath)'!='') heeft (''!='') opgeleverd."
"Message",Low,"Opbouwen van doel MDILBind in project Unnamed_1 voltooid."
"Message",Low,"Doel CopyNativeExecutablesToOutput in bestand C:\Program Files (x86)\MSBuild\Microsoft\.NetNative\x86\ilc\IlcInternals.targets uit project D:\Windows Phone\PackingList\PackaglistAppWindowsUniversal\PackingList\Unnamed_1 (doel Build is hiervan afhankelijk):"
"Message",Low,"De taak AddToNativePackageTask uit assembly C:\Program Files (x86)\MSBuild\Microsoft\.NetNative\x86\ilc\ilc.exe wordt gebruikt."
"Message",Low,"Taak AddToNativePackageTask"
"Message",Low,"Uitvoeren van taak AddToNativePackageTask voltooid."
"Message",Low,"Taak AddToNativePackageTask"
"Message",Low,"Uitvoeren van taak AddToNativePackageTask voltooid."
"Message",Low,"Taak AddToNativePackageTask overgeslagen vanwege onjuiste voorwaarde; ('$(BuildSharedAssemblies)' != 'true' and '$(AllowAppLocalMrt)' == 'true') heeft ('false' != 'true' and 'false' == 'true') opgeleverd."
"Message",Low,"Taak AddToNativePackageTask overgeslagen vanwege onjuiste voorwaarde; ('$(BuildSharedAssemblies)' == 'true') heeft ('false' == 'true') opgeleverd."
"Message",Low,"Taak AddToNativePackageTask overgeslagen vanwege onjuiste voorwaarde; ('$(BuildSharedAssemblies)' == 'true') heeft ('false' == 'true') opgeleverd."
"Message",Low,"Taak AddToNativePackageTask overgeslagen vanwege onjuiste voorwaarde; ('$(BuildSharedAssemblies)' == 'true') heeft ('false' == 'true') opgeleverd."
"Message",Low,"Taak AddToNativePackageTask overgeslagen vanwege onjuiste voorwaarde; ('$(BuildSharedAssemblies)' == 'true' And '$(InternalFeatureSwitch_ILTableOfContents)' == 'true') heeft ('false' == 'true' And 'true' == 'true') opgeleverd."
"Message",Low,"Taak AddToNativePackageTask overgeslagen vanwege onjuiste voorwaarde; ('$(BuildSharedAssemblies)' == 'true' And '$(InternalFeatureSwitch_ILTableOfContents)' == 'true') heeft ('false' == 'true' And 'true' == 'true') opgeleverd."
"Message",Low,"Taak AddToNativePackageTask overgeslagen vanwege onjuiste voorwaarde; ('$(BuildSharedAssemblies)' == 'true' And '$(InternalFeatureSwitch_ILTableOfContents)' == 'true') heeft ('false' == 'true' And 'true' == 'true') opgeleverd."
"Message",Low,"Taak AddToNativePackageTask overgeslagen vanwege onjuiste voorwaarde; ('$(BuildSharedAssemblies)' == 'true' And '$(InternalFeatureSwitch_ILTableOfContents)' == 'true') heeft ('false' == 'true' And 'true' == 'true') opgeleverd."
"Message",Low,"Taak AddToNativePackageTask overgeslagen vanwege onjuiste voorwaarde; ('$(BuildSharedAssemblies)' == 'true') heeft ('false' == 'true') opgeleverd."
"Message",Low,"Taak AddToNativePackageTask overgeslagen vanwege onjuiste voorwaarde; ('$(BuildSharedAssemblies)' == 'true') heeft ('false' == 'true') opgeleverd."
"Message",Low,"Taak AddToNativePackageTask overgeslagen vanwege onjuiste voorwaarde; ('$(BuildSharedAssemblies)' == 'true') heeft ('false' == 'true') opgeleverd."
"Message",Low,"Taak AddToNativePackageTask overgeslagen vanwege onjuiste voorwaarde; ('$(Pgi)'=='true') heeft ('false'=='true') opgeleverd."
"Message",Low,"Taak AddToNativePackageTask overgeslagen vanwege onjuiste voorwaarde; ('$(BuildSharedAssemblies)' == 'true') heeft ('false' == 'true') opgeleverd."
"Message",Low,"Taak AddToNativePackageTask overgeslagen vanwege onjuiste voorwaarde; ('$(BuildSharedAssemblies)' == 'true' And '$(InternalFeatureSwitch_ILTableOfContents)' == 'true') heeft ('false' == 'true' And 'true' == 'true') opgeleverd."
"Message",Low,"Taak AddToNativePackageTask overgeslagen vanwege onjuiste voorwaarde; ('$(BuildSharedAssemblies)'=='true' and '@(SharedFrameworkReswFiles)' != '' And '$(InternalFeatureSwitch_ILTableOfContents)' == 'true') heeft ('false'=='true' and '' != '' And 'true' == 'true') opgeleverd."
"Message",Low,"Taak AddToNativePackageTask overgeslagen vanwege onjuiste voorwaarde; ('$(UseFrameworkPackage)' != 'true' and '@(InputSharedLibrariesToCopy)' != '') heeft ('False' != 'true' and '' != '') opgeleverd."
"Message",Low,"Opbouwen van doel CopyNativeExecutablesToOutput in project Unnamed_1 voltooid."
"Message",Low,"Doel CopyExtractedResourcesToOutput overgeslagen vanwege onjuiste voorwaarde; (Exists('$(IntermediateResourcesPath)')) heeft (Exists('D:\Windows Phone\PackingList\PackaglistAppWindowsUniversal\PackingList\obj\x86\Release\ilc\intermediate\Resources\')) opgeleverd."
"Message",Low,"Doel TransformAppxManifestAndAddCrt in bestand C:\Program Files (x86)\MSBuild\Microsoft\.NetNative\x86\ilc\IlcInternals.targets uit project D:\Windows Phone\PackingList\PackaglistAppWindowsUniversal\PackingList\Unnamed_1 (doel Build is hiervan afhankelijk):"
"Message",Low,"De taak TransformAppxManifestTask uit assembly C:\Program Files (x86)\MSBuild\Microsoft\.NetNative\x86\ilc\ilc.exe wordt gebruikt."
"Message",Low,"Taak TransformAppxManifestTask"
"Message",Low,"Uitvoeren van taak TransformAppxManifestTask voltooid."
"Message",Low,"Taak AddToNativePackageTask"
"Message",Low,"Uitvoeren van taak AddToNativePackageTask voltooid."
"Message",Low,"Taak AddToNativePackageTask overgeslagen vanwege onjuiste voorwaarde; ($(AddCrt)) heeft (false) opgeleverd."
"Message",Low,"Taak AddToNativePackageTask overgeslagen vanwege onjuiste voorwaarde; ($(AddWin8Adapters)) heeft (false) opgeleverd."
"Message",Low,"Taak AddToNativePackageTask overgeslagen vanwege onjuiste voorwaarde; ($(AddWin8Adapters)) heeft (false) opgeleverd."
"Message",Low,"Taak AddToNativePackageTask overgeslagen vanwege onjuiste voorwaarde; ($(AddWin8Adapters)) heeft (false) opgeleverd."
"Message",Low,"Taak AddToNativePackageTask overgeslagen vanwege onjuiste voorwaarde; ($(AddWin8Adapters)) heeft (false) opgeleverd."
"Message",Low,"Taak AddToNativePackageTask overgeslagen vanwege onjuiste voorwaarde; ($(AddWin8Adapters)) heeft (false) opgeleverd."
"Message",Low,"Taak AddToNativePackageTask overgeslagen vanwege onjuiste voorwaarde; ($(AddWin8Adapters)) heeft (false) opgeleverd."
"Message",Low,"Taak AddToNativePackageTask overgeslagen vanwege onjuiste voorwaarde; ($(AddWin8Adapters)) heeft (false) opgeleverd."
"Message",Low,"Opbouwen van doel TransformAppxManifestAndAddCrt in project Unnamed_1 voltooid."
"Message",Low,"Doel MergeFrameworkReswFilesWithTheAppPriFile overgeslagen vanwege onjuiste voorwaarde; ('@(AppResources)' != '' And '$(UseResKeysInsteadOfResStrings)' != 'true') heeft ('D:\Windows Phone\PackingList\PackaglistAppWindowsUniversal\PackingList\obj\x86\Release\ilc\in\resources.pri' != '' And 'true' != 'true') opgeleverd."
"Message",Low,"Doel CopyPackageResourceFileInRetailBuild in bestand C:\Program Files (x86)\MSBuild\Microsoft\.NetNative\x86\ilc\IlcInternals.targets uit project D:\Windows Phone\PackingList\PackaglistAppWindowsUniversal\PackingList\Unnamed_1 (doel Build is hiervan afhankelijk):"
"Message",Low,"Taak AddToNativePackageTask"
"Message",Low,"Uitvoeren van taak AddToNativePackageTask voltooid."
"Message",Low,"Opbouwen van doel CopyPackageResourceFileInRetailBuild in project Unnamed_1 voltooid."
"Message",Low,"Doel Build in bestand C:\Program Files (x86)\MSBuild\Microsoft\.NetNative\x86\ilc\IlcInternals.targets van project D:\Windows Phone\PackingList\PackaglistAppWindowsUniversal\PackingList\Unnamed_1 (ingangspunt):"
"Message",Low,"Opbouwen van doel Build in project Unnamed_1 voltooid."
"Message",Low,"Opbouwen van project Unnamed_1 voltooid."
"Message",Low,"Opbouwen voltooid."
